id,innovazione,valore,stato
INN001,comando REFACTOR misurabile,trasforma richieste in avanzamenti,attivo
INN002,dataset-first architecture,riduce markdown statici,attivo
INN003,agenti derivati da dataset,riduce duplicazione,attivo
INN004,knowledge graph minimo via RELATIONS.csv,collega agenti dati e file,attivo
INN005,query locale su dataset,interrogazione gratuita,attivo
INN006,validazione struttura locale,controllo senza servizi esterni,attivo
INN007,session learning events jsonl,log incrementale append-only,attivo
INN008,release blockers data-driven,release basata su gap reali,attivo
INN009,AI scan con validazione fonti,apprendimento AI frequente,attivo
INN010,beta scenario come test funzionale,debug prima della release,attivo
INN011,profilo sistema generato da dataset,stato leggibile e aggiornabile,attivo
INN012,root congelata e minima,ordine e stabilita,attivo
